Manufacturuer,How It Appears
Magic The Gathering,Magic The Gathering
T3,T3
World on Wheels,World on Wheels|World on Wheel|World on Wh
Look n See,Look n See|Look and See|Look 'n See
Donruss Celebrity Cuts,Donruss Celebrity Cuts
T5,T5
T53 Cowboys Series,T53 Cowboys Series|T53
Mutt & Jeff,Mutt & Jeff|Mutt and Jeff
T73 Indian Life In The 60's,T73 Indian Life In The 60's|T73
T57 Turkish Trophies Fable Series,T57 Turkish Trophies Fable Series|T57
Goudey Indian Gum,Goudey Indian Gum|Indian Gum
Horrors of War,Horrors of War
Bowman U.S. Presidents,Bowman U.S. Presidents|Bowman Presidents
Bowman U.S. Navy Victories,Bowman U.S. Navy Victories|Bowman Navy Victories
Adventure,Adventure
Davy Crockett,Davy Crockett
Elvis Presley,Elvis Presley
Topps Round Up,Topps Round Up|Round Up|Round-Up
Goofy Series Postcards,Goofy Series Postcards
Topps Robin Hood,Topps Robin Hood
Topps T.V. Westerns,Topps T.V. Westerns|Topps TV Westerns
Funny Valentines,Funny Valentines
The 3 Stooges,The 3 Stooges|Three Stooges
Zorro,Zorro
Topps You'll Die Laughing,Topps You'll Die Laughing|You'll Die Laughing
Ad-Trix Tales Of The Vikings,Ad-Trix Tales Of The Vikings|Tales of the Vikings
Elephant Jokes,Elephant Jokes
Fleer Yule Laff,Fleer Yule Laff
Golden Press Presidents,Golden Press Presidents
Spins And Needles,Spins And Needles|Sins & Needles
Topps Funny Valentines,Topps Funny Valentines|Funny Valentines
Topps Monster Laffs,Topps Monster Laffs|Monster Laffs
Donruss Idiot Cards,Donruss Idiot Cards|Idiot Cards
Leaf Famous Discoveries and Adventures,Leaf Famous Discoveries and Adventures|Famous Discoveries & Adventurers
Nu-Card Dinosaur Series,Nu-Card Dinosaur Series|Nu-Cards Dinosaur Series|Nu Card Dinosaur|Nu Cards Dinosaur
Nu-Cards Horror Monster Series 2 Orange,Nu-Cards Horror Monster Series 2 Orange
Topps Crazy Cards,Topps Crazy Cards
Topps Giant Funny Valentines,Topps Giant Funny Valentines|Giant Funny Valentines
Mars Attacks,Mars Attacks
Beverly Hillbillies,Beverly Hillbillies
Leaf Spook Stories,Leaf Spook Stories
Rosan John F. Kennedy,Rosan John F. Kennedy
Topps Astronauts,Topps Astronauts
Topps Astronauts 3D,Topps Astronauts 3D
Beverly Hillbillies,Beverly Hillbillies
A&BC Beatles B&W,A&BC Beatles B&W
A&BC Outer Limits,A&BC Outer Limits
Donruss Addams Family,Donruss Addams Family|Donruss Adams Family
Donruss Voyage To The Bottom Of The Sea,Donruss Voyage To The Bottom Of The Sea
Rosan John F. Kennedy,Rosan John F. Kennedy|Rosan John F. Kennedy Memorial|Rosan JFK|Rosan J.F.K.
Topps Beatles B&W,Topps Beatles B&W
Topps Beatles Color,Topps Beatles Color
Topps Beatles Diary,Topps Beatles Diary
Topps Beatles Movie,Topps Beatles Movie
Topps John F. Kennedy,Topps John F. Kennedy|Topps JFK|Topps J.F.K.
Topps Outer Limits Bubbles,Topps Outer Limits Bubbles
Outer Limits,Outer Limits
A&BC Civil War News,A&BC Civil War News
Topps Civil War News,Topps Civil War News|Civil War News
Donruss Disney Puzzleback,Donruss Disney Puzzleback
Donruss Disneyland,Donruss Disneyland
Fleer Gomer Pyle,Fleer Gomer Pyle
McHale's Navy,McHale's Navy|McHales Navy
Fleer Weird-Ohs,Fleer Weird-Ohs
Philadelphia James Bond,Philadelphia James Bond
James Bond,James Bond
Philadelphia War Bulletin,Philadelphia War Bulletin
Topps Man From Uncle,Topps Man From Uncle
Monster Greetings,Monster Greetings
A&BC Batman,A&BC Batman
Donruss Green Hornet,Donruss Green Hornet
Donruss Monkees,Donruss Monkees
Green Berets,Green Berets
Leaf Good Guys And Bad Guys,Leaf Good Guys And Bad Guys|Leaf Good Guys & Bad Guys
Philadelphia Green Berets,Philadelphia Green Berets
Philadelphia Tarzan,Philadelphia Tarzan
Topps Batman,Topps Batman
Topps Comic Book Foldees,Topps Comic Book Foldees
Topps Funny Rings,Topps Funny Rings
Topps Insult Postcards,Topps Insult Postcards
Man From U.N.C.L.E.,Man From U.N.C.L.E.|Man from UNCLE
Topps Rat Patrol,Topps Rat Patrol
Superman,Superman
Anglo Confectionery Tarzan,Anglo Confectionery Tarzan
Donruss Monkees Series C,Donruss Monkees Series C
Leaf Garrison's Gorillas,Leaf Garrison's Gorillas
Topps Funny Travel Posters,Topps Funny Travel Posters
Topps Krazy Little Comics,Topps Krazy Little Comics
Topps Dopey Books,Topps Dopey Books
A&BC Planet Of The Apes,A&BC Planet Of The Apes
OPC Planet Of The Apes,OPC Planet Of The Apes
Topps Man On The Moon,Topps Man On The Moon
A&BC Man On The Moon,A&BC Man On The Moon|A & BC Man on the Moon
Man On The Moon,Man On The Moon
Fleer AHRA Hot Rod,Fleer AHRA Hot Rod
Fleer Canadian AHRA Hot Rod,Fleer Canadian AHRA Hot Rod
Partridge Family,Partridge Family
Topps U.S. Presidents,Topps U.S. Presidents|Topps US Presidents
Wacky Packs,Wacky Packs
Comic Book Heroes Stickers,Comic Book Heroes Stickers
Donruss Six Million Dollar Man,Donruss Six Million Dollar Man
Topps Good Times,Topps Good Times
Topps Planet Of The Apes,Topps Planet Of The Apes
King Kong,King Kong
Star Trek,Star Trek
Panini Star Wars Stickers,Panini Star Wars Stickers
Donruss Kiss,Donruss Kiss
Garbage Pail Kids,Garbage Pail Kids
Ace Authentic,Ace Authentic
Action Packed,Action Packed
Allworld,Allworld
Best,Best
Bowman Large,Bowman Large|Bowman Lg
Bowman Small,Bowman Small|Bowman Sm
Bowman Sterling,Bowman Sterling
Bowman's Best,Bowman's Best|Bowmans Best
Bowman Tiffany,Bowman Tiffany
Bowman Inserts,Bowman Inserts
Bowman Chrome Prospects,Bowman Chrome Prospects
Bowman Chrome Draft Picks,Bowman Chrome Draft Picks|Bowman Chrome Draft Pick
Bowman Chrome,Bowman Chrome
Bowman Color,Bowman Color
Bowman B&W,Bowman B&W|Bowman B & W
Bowman,Bowman
Classic,Classic
Collect-A-Card,Collect-A-Card |Collect A Card
Collector's Edge,Collector's Edge |Collectors Edge
Courtside,Courtside
Donruss Elite,Donruss Elite
Donruss Rookies,Donruss Rookies
Donruss Highlights,Donruss Highlights
Donruss Pop-Ups,Donruss Pop-Ups
Donruss,Donruss
Extreme Sports,Extreme Sports
Ultra Update,Ultra Update
Ultra,Ultra
Fleer Greats,Fleer Greats
Fleer Platinum,Fleer Platinum
Fleer Baseball's Best,Fleer Baseball's Best
Fleer Future Hall of Famers,Fleer Future Hall of Famers|Fleer Future HOF
Fleer League Leaders,Fleer League Leaders
Fleer Famous Feats,Fleer Famous Feats
Fleer Mini,Fleer Mini
Fleer Glossy,Fleer Glossy
Fleer Hottest Stars,Fleer Hottest Stars
Fleer Update,Fleer Update
Fleer Stamps,Fleer Stamps
Fleer Star Stickers,Fleer Star Stickers
Fleer Stickers,Fleer Stickers
Fleer World Series,Fleer World Series|Fleer W.S.
Fleer World Champ Pennant,Fleer World Champ Pennant
Fleer Team Logo Decals,Fleer Team Logo Decals
Fleer Ted Williams,Fleer Ted Williams
Fleer,Fleer
Futera,Futera
Front Row,Front Row
Genuine Article,Genuine Article
Goodwin & Company,Goodwin & Company|Goodwin and Company|Goodwin & Co|Goodwin and Co
Goudey Premiums,Goudey Premiums|Goudey Premium
Goudey,Goudey
Grand Slam Ventures,Grand Slam Ventures|Grand Slam
Grandstand,Grandstand
Hi-Tech,Hi-Tech|Hi Tech
JOGO Inc.,JOGO Inc.|JOGO
Just Minors,Just Minors
Kayo,Kayo
Leaf,Leaf
Maxx,Maxx
Miller Press,Miller Press
Multi-Ad,Multi-Ad
National Chicle Sky Birds,National Chicle Sky Birds|Sky Birds
National Chicle,National Chicle
NetPro,NetPro
O-Pee-Chee,O-Pee-Chee|O Pee Chee|OPC
Pacific,Pacific
Parkhurst,Parkhurst
Pinnacle,Pinnacle
Press Pass,Press Pass
Pro Set,Pro Set|ProSet
ProCards,ProCards
Razor Entertainment,Razor Entertainment
Rittenhouse,Rittenhouse
Royal Rookies,Royal Rookies
"SA-GE Collectibles, Inc.","SA-GE Collectibles, Inc.|SAGE|SA-GE"
Signature Rookies,Signature Rookies
SkyBox,SkyBox
Stampii,Stampii
Star Pics,Star Pics
Superior Pix,Superior Pix
Superior Rookies,Superior Rookies
Topps Allen & Ginter,Topps Allen & Ginter
Topps Update,Topps Update
Topps Chrome Traded,Topps Chrome Traded
Topps Chrome,Topps Chrome
Stadium Club,Stadium Club
Topps Desert Shield,Topps Desert Shield
Topps '89 M.L. Debut,Topps '89 M.L. Debut|Topps '89
Topps Greatest Moments,Topps Greatest Moments
Topps Stickercard,Topps Stickercard
Topps Traded Tiffany,Topps Traded Tiffany
Topps Tiffany,Topps Tiffany
Topps All-Star Glossy,Topps All-Star Glossy|Topps All Star Glossy
Topps All American,Topps All American|Topps All-American
Topps Scoop,Topps Scoop|Topps Scoops|Scoops
Topps Candy Lids,Topps Candy Lids
Topps Big Baseball,Topps Big Baseball
Topps Glossy Rookies,Topps Glossy Rookies
Topps Gold,Topps Gold
Topps Mini,Topps Mini
Topps Tattoos,Topps Tattoos
Topps Cloth Stickers,Topps Cloth Stickers
Topps Stickers,Topps Stickers
Topps Scratch-Offs,Topps Scratch-Offs
Topps Peel-Offs,Topps Peel-Offs
Topps Stand-Up,Topps Stand-Up
Topps Embossed,Topps Embossed
Topps Team Checklist,Topps Team Checklist
Topps Decals,Topps Decals
Topps Deckle Edge,Topps Deckle Edge
Topps Game,Topps Game
Topps Pins,Topps Pins
Topps Doubleheaders,Topps Doubleheaders
Topps Teams,Topps Teams
Topps Super,Topps Super
Topps Photo Tatoos,Topps Photo Tatoos
Topps Pin-Ups,Topps Pin-Ups
Topps Giants,Topps Giants
Topps Red Back,Topps Red Back
Topps Blue Back,Topps Blue Back
Topps Magic Photo,Topps Magic Photo
Topps Magic Rub-Offs,Topps Magic Rub-Offs
Topps Rub-Offs,Topps Rub-Offs
Topps Stamps,Topps Stamps|Topps Stamp
Topps Traded,Topps Traded
Topps,Topps
Traks,Traks
TRISTAR,TRISTAR
Upper Deck Final Edition,Upper Deck Final Edition|Final Edition|Upper Deck F.E.
USA Baseball,USA Baseball
Wild Card,Wild Card
Wizards Of The Coast,Wizards Of The Coast|Wizards Coast
Wonder Bread,Wonder Bread
5Finity,5Finity
Cartamundi,Cartamundi
Cryptozoic Entertainment,Cryptozoic Entertainment
Dart Flipcards,Dart Flipcards
Digimon,Digimon
Fantom - digital trading cards,Fantom - digital trading cards|Fantom
Futera,Futera
Hidden City Games,Hidden City Games
Konami,Konami
Monsterwax,Monsterwax
Nintendo,Nintendo
Score Entertainment,Score Entertainment
Stampii,Stampii
Webkinz,Webkinz
Wizards of the Coast,Wizards of the Coast
Colgan's Chips,Colgan's Chips
W555,W555
E103,E103
E104,E104
E105,E105
E125,E125
E286,E286
Tip Top Bread,Tip Top Bread|Tip-Top|Tip Top
D304,D304
D359,D359
M110,M110
Diamond Stars,Diamond Stars|Diamond Star
T99999999999,T99999999999999|T-9999999999999999
T222,T222|T-222
T213,T213|T-213
M101-4,M101-4
M101-5,M101-5
Tango Eggs,Tango Eggs
D303,D303
E106,E106|E-106
T214,T214|T-214
E121,E121|E-121
E220,E220|E-220
E253,E253|E-253
Exhibits 4 on 1,Exhibits 4 on 1
Exhibits,Exhibits|Exhibit
W521,W521
W516,W516
W575,W575
W9316,W9316
E120,E120
Neilson's Chocolate,Neilson's Chocolate
W501,W501
W503,W503
W573,W573
W575,W575
W515,W515
W572,W572
Williard Chocolate,Williard Chocolate|Williard's Chocolate
W502,W502
W513,W513
Yuengling's Ice Cream,Yuengling's Ice Cream|Yuengling
Play Ball,Play Ball|Playball
Cracker Jack,Cracker Jack
R316,R316
Star Player Candy,Star Player Candy|Star Player
W553,W553
Cracker Jack Pins,Cracker Jack Pins|Cracker Jack Pin
W517,W517
Orbit Gum Pins,Orbit Gum Pins|Orbin Gum Pin
Delong,Delong
George C. Miller,George C. Miller|George Miller
Px3 Double Header Pins,Px3 Double Header Pins|Px3|Double Header Pins|Double Header Pin
Tattoo Orbit,Tattoo Orbit
World Wide Gum,World Wide Gum
Batter-Up,Batter-Up|Batter Up
Goudey 4-in-1,Goudey 4-in-1
Schutter-Johnson,Schutter-Johnson
S and S Game,S and S Game|S & S Game|S&S Game
Double Play,Double Play|DoublePlay
Kellogg's,Kellogg's|Kellogg
Eureka Sportstamps,Eureka Sportstamps
Remar Bread,Remar Bread
Callahan Hall of Fame,Callahan Hall of Fame|Callahan HOF|Callahan H.O.F.
Drake's,Drake's|Drake
R423,R423
Wheaties,Wheaties
Berk Ross,Berk Ross
Red Man Tobacco,Red Man Tobacco|Red Man
Glendale Hot Dogs,Glendale Hot Dogs
Johnston Cookies,Johnston Cookies
Dan-Dee Potato Chips,Dan-Dee Potato Chips|Dan-Dee
Red Heart,Red Heart
Wilson Franks,Wilson Franks
Golden Stamps,Golden Stamps
Artvue H.O.F. Plaque,Artvue H.O.F. Plaque|Artvue HOF
Yellow Basepath Pins,Yellow Basepath Pins|Yellow Basepath
Swift Meats,Swift Meats
Hires Root Beer,Hires Root Beer
Bell Brand,Bell Brand
Bazooka,Bazooka
Top Flight Stars,Top Flight Stars
Venezuela Topps,Venezuela Topps
Nu-Card Baseball Hi-Lites,Nu-Card Baseball Hi-Lites
T200,T200|T-200
T201,T201|T-201
T202,T202|T-202
T204,T204|T-204
T205,T205|T-205
T206,T206|T-206
T207,T207|T-207
T212,T212|T-212
E90-1,E90-1
E90-2,E90-2
E90-3,E90-3
E92,E92|E-92
E93,E93|E-93
E95,E95|E-95
E98,E98|E-98
E101,E101|E-101
Cracker Jack,Cracker Jack|E145-1
Cracker Jack,Cracker Jack|E145-2
W513,W513|W513
W515,W515|W515
W516,W516|W516
W517,W517|W517
N172,N172|N172
Goudey,Goudey|R319
Goudey,Goudey|R320
Play Ball,Play Ball|R334
Play Ball,Play Ball|R335
Play Ball,Play Ball|R336|R-336
M116,M116|M116|M-116
Golden Press,Golden Press
Nu-Card Scoops,Nu-Card Scoops
Post Cereal,Post Cereal
Gad Fun,Gad Fun
Jell-o,Jell-o
Dexter Press,Dexter Press
Laughlin,Laughlin
American Oil,American Oil
Globe Imports Playing Cards,Globe Imports Playing Cards|Globe Imports
MLB Photostamps,MLB Photostamps
Milton Bradley,Milton Bradley
MLBPA Pins,MLBPA Pins
Transogram,Transogram
Rold Gold Pretzels,Rold Gold Pretzels|Rold Gold
Dell Today's Team Stamps,Dell Today's Team Stamps|Dell Today
U.S. Playing Card,U.S. Playing Card|US Playing Card
Hostess,Hostess
SSPC,SSPC
TCMA,TCMA
Buckmans Discs,Buckmans Discs|Buckman's Discs
Crane Potato Chips Discs,Crane Potato Chips Discs|Crane Discs
Isaly's Sweet William Disc,Isaly's Sweet William Disc
Safelon Discs,Safelon Discs
Burger King,Burger King
Sports Deck,Sports Deck
Baseball Immortals,Baseball Immortals
Perez-Steel HOF Postcard,Perez-Steel HOF Postcard
Coca-Cola,Coca-Cola
Squirt,Squirt
K-Mart,K-Mart|Kmart
Sportflics Decade Greats,Sportflics Decade Greats
Sportflics Rookies,Sportflics Rookies
Sportflics,Sportflics
Star,Star
Woolworth,Woolworth
Mother's Cookies,Mother's Cookies|Mothers Cookies
Toys R Us,Toys R Us
Kenner Starting Lineup,Kenner Starting Lineup
Score Traded,Score Traded
Score Young Superstars,Score Young Superstars
Scoremasters,Scoremasters
Score Rising Stars,Score Rising Stars
Score,Score
Panini,Panini
Finest,Finest
Flair,Flair
Select Certified,Select Certified
Select,Select
SPx,SPx
Studio,Studio
Collector's Choice,Collector's Choice|Collectors Choice
Ultimate Victory,Ultimate Victory
Jewish Major Leaguers,Jewish Major Leaguers|Jewish Major Leagers
Philadelphia,Philadelphia
T227,T227
FC Cartledge,FC Cartledge
Tom Barker,Tom Barker
U.S. Caramel,U.S. Caramel|US Caramel
Salada Coins,Salada Coins
W512,W512
N28 Allen & Ginter,N28 Allen & Ginter|N28
Allen & Ginter,Allen & Ginter
T218,T218
T219,T219
N162,N162
T220,T220
T227,T227
McDonald's,McDonald's|McDonalds
C59,C59
C60,C60
Star,Star
T226,T226|T-226
N174,N174|N-174
SP,SP
Upper Deck,Upper Deck|UD|U.D.
Sweet Caporal,Sweet Caporal
Benchwarmer,Benchwarmer|Bench warmer
Rodeo Meats,Rodeo Meats